observer,genotype,time_off_food,bends,omega,tail_touch,food,additive,note,date,plate
JB,N2,5,5,Y,N,OP50,,,6/2/2021,1
JB,N2,5,6,Y,Y,OP50,,,6/2/2021,1
JB,N2,5,2,Y,Y,OP50,,,6/2/2021,1
JB,N2,5,6,Y,Y,OP50,,,6/2/2021,1
JB,N2,5,3,Y,N,OP50,,,6/2/2021,1
JB,N2,5,4,Y,Y,OP50,,,6/2/2021,1
JB,N2,5,4,Y,Y,OP50,,,6/2/2021,1
JB,N2,5,4,Y,Y,OP50,,,6/2/2021,1
JB,N2,5,4,Y,Y,OP50,,,6/2/2021,1
JB,cest-1.2,5,2,Y,N,OP50,,,6/2/2021,2
JB,cest-1.2,5,4,Y,N,OP50,,,6/2/2021,2
JB,cest-1.2,5,3,Y,N,OP50,,,6/2/2021,2
JB,cest-1.2,5,4,Y,Y,OP50,,,6/2/2021,2
JB,cest-1.2,5,4,Y,Y,OP50,,,6/2/2021,2
JB,cest-1.2,5,6,Y,Y,OP50,,,6/2/2021,2
JB,cest-1.2,5,3,Y,Y,OP50,,,6/2/2021,2
JB,cest-1.2,5,5,Y,Y,OP50,,,6/2/2021,2
JB,cest-1.2,5,4,Y,Y,OP50,,,6/2/2021,2
JB,cest-1.2,5,3,Y,N,OP50,,,6/2/2021,2
JB,N2,30,6,Y,Y,OP50,,,6/2/2021,1
JB,N2,30,3,Y,Y,OP50,,,6/2/2021,1
JB,N2,30,10,Y,Y,OP50,,,6/2/2021,1
JB,N2,30,5,Y,Y,OP50,,,6/2/2021,1
JB,N2,30,6,Y,Y,OP50,,,6/2/2021,1
JB,N2,30,5,Y,Y,OP50,,,6/2/2021,1
JB,N2,30,5,Y,N,OP50,,,6/2/2021,1
JB,N2,30,6,Y,N,OP50,,,6/2/2021,1
JB,N2,30,5,Y,N,OP50,,,6/2/2021,1
JB,cest-1.2,30,5,Y,Y,OP50,,,6/2/2021,2
JB,cest-1.2,30,5,Y,Y,OP50,,,6/2/2021,2
JB,cest-1.2,30,2,Y,Y,OP50,,,6/2/2021,2
JB,cest-1.2,30,4,Y,Y,OP50,,,6/2/2021,2
JB,cest-1.2,30,3,Y,Y,OP50,,,6/2/2021,2
JB,cest-1.2,30,5,Y,N,OP50,,,6/2/2021,2
JB,cest-1.2,30,3,Y,N,OP50,,,6/2/2021,2
JB,cest-1.2,30,7,Y,Y,OP50,,,6/2/2021,2
JB,cest-1.2,30,8,Y,N,OP50,,,6/2/2021,2
JB,cest-1.2,30,7,Y,Y,OP50,,,6/2/2021,2
JB,cest-1.2,10,4,,Y,OP50,,animals young,6/15/2021,3
JB,cest-1.2,10,5,,N,OP50,,animals young,6/15/2021,3
JB,cest-1.2,10,2,,Y,OP50,,animals young,6/15/2021,3
JB,cest-1.2,10,4,,N,OP50,,animals young,6/15/2021,3
JB,cest-1.2,10,3,,Y,OP50,,animals young,6/15/2021,3
JB,cest-1.2,10,5,,Y,OP50,,animals young,6/15/2021,3
JB,cest-1.2,10,3,,Y,OP50,,animals young,6/15/2021,3
JB,cest-1.2,10,3,,Y,OP50,,animals young,6/15/2021,3
JB,cest-1.2,10,4,,Y,OP50,,animals young,6/15/2021,3
JB,cest-1.2,10,2,,Y,OP50,,animals young,6/15/2021,3
JB,cest-1.2,10,5,,Y,OP50,,animals young,6/15/2021,4
JB,cest-1.2,10,3,,Y,OP50,,animals young,6/15/2021,4
JB,cest-1.2,10,6,,Y,OP50,,animals young,6/15/2021,4
JB,cest-1.2,10,3,,Y,OP50,,animals young,6/15/2021,4
JB,cest-1.2,10,5,,Y,OP50,,animals young,6/15/2021,4
JB,cest-1.2,10,3,,Y,OP50,,animals young,6/15/2021,4
JB,cest-1.2,10,5,,Y,OP50,,animals young,6/15/2021,4
JB,cest-1.2,10,4,,Y,OP50,,animals young,6/15/2021,4
JB,cest-1.2,10,4,,Y,OP50,,animals young,6/15/2021,4
JB,N2,10,4,,Y,OP50,,animals young,6/15/2021,5
JB,N2,10,4,,N,OP50,,animals young,6/15/2021,5
JB,N2,10,3,,N,OP50,,animals young,6/15/2021,5
JB,N2,10,3,,N,OP50,,animals young,6/15/2021,5
JB,N2,10,4,,Y,OP50,,animals young,6/15/2021,5
JB,N2,10,5,,Y,OP50,,animals young,6/15/2021,5
JB,N2,10,3,,Y,OP50,,animals young,6/15/2021,5
JB,N2,10,2,,Y,OP50,,animals young,6/15/2021,5
JB,N2,10,4,,Y,OP50,,animals young,6/15/2021,5
JB,N2,10,2,,N,OP50,,animals young,6/15/2021,5
JB,N2,10,4,,N,OP50,,animals young,6/15/2021,6
JB,N2,10,5,,Y,OP50,,animals young,6/15/2021,6
JB,N2,10,2,,Y,OP50,,animals young,6/15/2021,6
JB,N2,10,5,,Y,OP50,,animals young,6/15/2021,6
JB,N2,10,3,,Y,OP50,,animals young,6/15/2021,6
JB,N2,10,5,,N,OP50,,animals young,6/15/2021,6
JB,N2,10,4,,N,OP50,,animals young,6/15/2021,6
JB,N2,10,6,,Y,OP50,,animals young,6/15/2021,6
JB,N2,10,5,,Y,OP50,,animals young,6/15/2021,6
MOD,cest-1.2,10,3,,Y,OP50,,,6/15/2021,7
MOD,cest-1.2,10,3,,Y,OP50,,,6/15/2021,7
MOD,cest-1.2,10,3,,N,OP50,,,6/15/2021,7
MOD,cest-1.2,10,3,,Y,OP50,,,6/15/2021,7
MOD,cest-1.2,10,4,,Y,OP50,,,6/15/2021,7
MOD,cest-1.2,10,3,,N,OP50,,,6/15/2021,7
MOD,cest-1.2,10,5,,N,OP50,,,6/15/2021,7
MOD,cest-1.2,10,4,,Y,OP50,,,6/15/2021,7
MOD,cest-1.2,10,4,,Y,OP50,,,6/15/2021,7
MOD,cest-1.2,10,4,,N,OP50,,,6/15/2021,7
MOD,cest-1.2,10,6,,Y,OP50,,,6/15/2021,8
MOD,cest-1.2,10,4,,Y,OP50,,,6/15/2021,8
MOD,cest-1.2,10,4,,Y,OP50,,,6/15/2021,8
MOD,cest-1.2,10,7,,Y,OP50,,,6/15/2021,8
MOD,cest-1.2,10,5,,N,OP50,,,6/15/2021,8
MOD,cest-1.2,10,4,,Y,OP50,,,6/15/2021,8
MOD,cest-1.2,10,3,,Y,OP50,,,6/15/2021,8
MOD,cest-1.2,10,3,,N,OP50,,,6/15/2021,8
MOD,cest-1.2,10,2,,N,OP50,,,6/15/2021,8
MOD,cest-1.2,10,6,,Y,OP50,,,6/15/2021,8
MOD,N2,10,4,,Y,OP50,,,6/15/2021,9
MOD,N2,10,5,,N,OP50,,,6/15/2021,9
MOD,N2,10,5,,Y,OP50,,,6/15/2021,9
MOD,N2,10,5,,Y,OP50,,,6/15/2021,9
MOD,N2,10,3,,N,OP50,,,6/15/2021,9
MOD,N2,10,4,,Y,OP50,,,6/15/2021,9
MOD,N2,10,6,,Y,OP50,,,6/15/2021,9
MOD,N2,10,5,,Y,OP50,,,6/15/2021,9
MOD,N2,10,5,,N,OP50,,,6/15/2021,9
MOD,N2,10,6,,Y,OP50,,,6/15/2021,9
MOD,N2,10,4,,N,OP50,,,6/15/2021,9
MOD,N2,10,3,,N,OP50,,,6/15/2021,10
MOD,N2,10,6,,Y,OP50,,,6/15/2021,10
MOD,N2,10,3,,Y,OP50,,,6/15/2021,10
MOD,N2,10,6,,Y,OP50,,,6/15/2021,10
MOD,N2,10,4,,Y,OP50,,,6/15/2021,10
MOD,N2,10,2,,Y,OP50,,,6/15/2021,10
MOD,N2,10,3,,N,OP50,,,6/15/2021,10
MOD,N2,10,7,,Y,OP50,,,6/15/2021,10
MOD,N2,10,4,,Y,OP50,,,6/15/2021,10
MOD,N2,10,4,,Y,OP50,,,6/15/2021,10
JB,N2,5,5,,N,OP50,,,6/16/2021,11
JB,N2,5,7,,Y,OP50,,,6/16/2021,11
JB,N2,5,2,,Y,OP50,,,6/16/2021,11
JB,N2,5,5,,Y,OP50,,,6/16/2021,11
JB,N2,5,4,,Y,OP50,,,6/16/2021,11
JB,N2,5,8,,Y,OP50,,,6/16/2021,11
JB,N2,5,2,,Y,OP50,,,6/16/2021,11
JB,N2,5,3,,Y,OP50,,,6/16/2021,11
JB,N2,5,3,,N,OP50,,,6/16/2021,11
JB,N2,5,6,,N,OP50,,,6/16/2021,11
JB,N2,5,4,,Y,OP50,,,6/16/2021,12
JB,N2,5,4,,Y,OP50,,,6/16/2021,12
JB,N2,5,3,,N,OP50,,,6/16/2021,12
JB,N2,5,8,,Y,OP50,,,6/16/2021,12
JB,N2,5,5,,Y,OP50,,,6/16/2021,12
JB,N2,5,4,,Y,OP50,,,6/16/2021,12
JB,N2,5,4,,Y,OP50,,,6/16/2021,12
JB,N2,5,4,,Y,OP50,,,6/16/2021,12
JB,N2,5,3,,Y,OP50,,,6/16/2021,12
JB,N2,5,5,,Y,OP50,,,6/16/2021,12
JB,cest-1.2,5,3,,N,OP50,,,6/16/2021,13
JB,cest-1.2,5,3,,N,OP50,,,6/16/2021,13
JB,cest-1.2,5,3,,Y,OP50,,,6/16/2021,13
JB,cest-1.2,5,4,,N,OP50,,,6/16/2021,13
JB,cest-1.2,5,11,,Y,OP50,,,6/16/2021,13
JB,cest-1.2,5,2,,N,OP50,,,6/16/2021,13
JB,cest-1.2,5,2,,Y,OP50,,,6/16/2021,13
JB,cest-1.2,5,3,,Y,OP50,,,6/16/2021,13
JB,cest-1.2,5,3,,Y,OP50,,,6/16/2021,13
JB,cest-1.2,5,4,,Y,OP50,,,6/16/2021,13
JB,cest-1.2,5,2,,Y,OP50,,,6/16/2021,14
JB,cest-1.2,5,3,,Y,OP50,,,6/16/2021,14
JB,cest-1.2,5,3,,Y,OP50,,,6/16/2021,14
JB,cest-1.2,5,4,,Y,OP50,,,6/16/2021,14
JB,cest-1.2,5,4,,N,OP50,,,6/16/2021,14
JB,cest-1.2,5,6,,N,OP50,,,6/16/2021,14
JB,cest-1.2,5,7,,N,OP50,,,6/16/2021,14
JB,cest-1.2,5,4,,Y,OP50,,,6/16/2021,14
JB,cest-1.2,5,3,,Y,OP50,,,6/16/2021,14
JB,cest-1.2,5,5,,Y,OP50,,,6/16/2021,14
JB,cest-1.2,5,4,,Y,OP50,,,6/25/2021,15
JB,cest-1.2,5,4,,Y,OP50,,,6/25/2021,15
JB,cest-1.2,5,5,,Y,OP50,,,6/25/2021,15
JB,cest-1.2,5,3,,Y,OP50,,,6/25/2021,15
JB,cest-1.2,5,3,,N,OP50,,,6/25/2021,15
JB,cest-1.2,5,4,,Y,OP50,,,6/25/2021,15
JB,cest-1.2,5,2,,Y,OP50,,,6/25/2021,15
JB,cest-1.2,5,3,,Y,OP50,,,6/25/2021,15
JB,cest-1.2,5,4,,Y,OP50,,,6/25/2021,15
JB,cest-1.2,5,4,,Y,OP50,,,6/25/2021,15
JB,cest-1.2,5,3,,Y,OP50,,,6/25/2021,16
JB,cest-1.2,5,7,,Y,OP50,,,6/25/2021,16
JB,cest-1.2,5,4,,N,OP50,,,6/25/2021,16
JB,cest-1.2,5,4,,N,OP50,,,6/25/2021,16
JB,cest-1.2,5,4,,Y,OP50,,,6/25/2021,16
JB,cest-1.2,5,2,,Y,OP50,,,6/25/2021,16
JB,cest-1.2,5,6,,N,OP50,,,6/25/2021,16
JB,cest-1.2,5,3,,N,OP50,,,6/25/2021,16
JB,cest-1.2,5,4,,Y,OP50,,,6/25/2021,16
JB,cest-1.2,5,7,,Y,OP50,,,6/25/2021,16
JB,N2,5,3,,Y,OP50,,,6/25/2021,17
JB,N2,5,4,,Y,OP50,,,6/25/2021,17
JB,N2,5,3,,Y,OP50,,,6/25/2021,17
JB,N2,5,5,,Y,OP50,,,6/25/2021,17
JB,N2,5,6,,N,OP50,,,6/25/2021,17
JB,N2,5,8,,Y,OP50,,,6/25/2021,17
JB,N2,5,3,,N,OP50,,,6/25/2021,17
JB,N2,5,4,,Y,OP50,,,6/25/2021,17
JB,N2,5,4,,Y,OP50,,,6/25/2021,17
JB,N2,5,3,,Y,OP50,,,6/25/2021,17
JB,N2,5,4,,Y,OP50,,,6/25/2021,18
JB,N2,5,5,,Y,OP50,,,6/25/2021,18
JB,N2,5,7,,Y,OP50,,,6/25/2021,18
JB,N2,5,4,,N,OP50,,,6/25/2021,18
JB,N2,5,3,,N,OP50,,,6/25/2021,18
JB,N2,5,5,,Y,OP50,,,6/25/2021,18
JB,N2,5,5,,N,OP50,,,6/25/2021,18
JB,N2,5,5,,Y,OP50,,,6/25/2021,18
JB,N2,5,5,,N,OP50,,,6/25/2021,18
JB,N2,5,6,,Y,OP50,,,6/25/2021,18
JB,cest-1.2,5,4,,N,OP50,TA,,6/30/2021,19
JB,cest-1.2,5,5,,N,OP50,TA,,6/30/2021,19
JB,cest-1.2,5,5,,N,OP50,TA,,6/30/2021,19
JB,cest-1.2,5,4,,Y,OP50,TA,,6/30/2021,19
JB,cest-1.2,5,2,,N,OP50,TA,,6/30/2021,19
JB,cest-1.2,5,4,,N,OP50,TA,,6/30/2021,19
JB,cest-1.2,5,2,,Y,OP50,TA,,6/30/2021,19
JB,cest-1.2,5,4,,Y,OP50,TA,,6/30/2021,19
JB,cest-1.2,5,5,,Y,OP50,TA,,6/30/2021,19
JB,cest-1.2,5,6,,N,OP50,TA,,6/30/2021,19
JB,cest-1.2,5,3,,N,OP50,TA,,6/30/2021,20
JB,cest-1.2,5,7,,N,OP50,TA,,6/30/2021,20
JB,cest-1.2,5,4,,N,OP50,TA,,6/30/2021,20
JB,cest-1.2,5,3,,N,OP50,TA,,6/30/2021,20
JB,cest-1.2,5,6,,Y,OP50,TA,,6/30/2021,20
JB,cest-1.2,5,2,,Y,OP50,TA,,6/30/2021,20
JB,cest-1.2,5,3,,Y,OP50,TA,,6/30/2021,20
JB,cest-1.2,5,4,,N,OP50,TA,,6/30/2021,20
JB,cest-1.2,5,5,,Y,OP50,TA,,6/30/2021,20
JB,cest-1.2,5,5,,N,OP50,TA,,6/30/2021,20
JB,N2,5,5,,N,OP50,TA,,6/30/2021,21
JB,N2,5,3,,N,OP50,TA,,6/30/2021,21
JB,N2,5,4,,N,OP50,TA,,6/30/2021,21
JB,N2,5,4,,Y,OP50,TA,,6/30/2021,21
JB,N2,5,5,,N,OP50,TA,,6/30/2021,21
JB,N2,5,5,,Y,OP50,TA,,6/30/2021,21
JB,N2,5,5,,Y,OP50,TA,,6/30/2021,21
JB,N2,5,5,,Y,OP50,TA,,6/30/2021,21
JB,N2,5,4,,Y,OP50,TA,,6/30/2021,21
JB,N2,5,12,,Y,OP50,TA,,6/30/2021,21
JB,N2,5,3,,N,OP50,TA,,6/30/2021,22
JB,N2,5,4,,Y,OP50,TA,,6/30/2021,22
JB,N2,5,6,,Y,OP50,TA,,6/30/2021,22
JB,N2,5,2,,Y,OP50,TA,,6/30/2021,22
JB,N2,5,8,,Y,OP50,TA,,6/30/2021,22
JB,N2,5,5,,Y,OP50,TA,,6/30/2021,22
JB,N2,5,4,,Y,OP50,TA,,6/30/2021,22
JB,N2,5,7,,Y,OP50,TA,,6/30/2021,22
JB,N2,5,3,,N,OP50,TA,,6/30/2021,22
JB,N2,5,3,,N,OP50,TA,,6/30/2021,22
JB,N2,5,2,,Y,OP50,H2O,,6/30/2021,23
JB,N2,5,4,,N,OP50,H2O,,6/30/2021,23
JB,N2,5,5,,Y,OP50,H2O,,6/30/2021,23
JB,N2,5,2,,Y,OP50,H2O,,6/30/2021,23
JB,N2,5,3,,N,OP50,H2O,,6/30/2021,23
JB,N2,5,4,,N,OP50,H2O,,6/30/2021,23
JB,N2,5,2,,Y,OP50,H2O,,6/30/2021,23
JB,N2,5,5,,Y,OP50,H2O,,6/30/2021,23
JB,N2,5,3,,Y,OP50,H2O,,6/30/2021,23
JB,N2,5,4,,Y,OP50,H2O,,6/30/2021,23
JB,N2,5,4,,N,OP50,H2O,,6/30/2021,24
JB,N2,5,5,,Y,OP50,H2O,,6/30/2021,24
JB,N2,5,5,,Y,OP50,H2O,,6/30/2021,24
JB,N2,5,6,,N,OP50,H2O,,6/30/2021,24
JB,N2,5,8,,Y,OP50,H2O,,6/30/2021,24
JB,N2,5,5,,N,OP50,H2O,,6/30/2021,24
JB,N2,5,10,,Y,OP50,H2O,,6/30/2021,24
JB,N2,5,3,,N,OP50,H2O,,6/30/2021,24
JB,N2,5,3,,N,OP50,H2O,,6/30/2021,24
JB,N2,5,6,,Y,OP50,H2O,,6/30/2021,24
JB,cest-1.2,5,3,,Y,OP50,H2O,,6/30/2021,25
JB,cest-1.2,5,3,,N,OP50,H2O,,6/30/2021,25
JB,cest-1.2,5,4,,Y,OP50,H2O,,6/30/2021,25
JB,cest-1.2,5,5,,Y,OP50,H2O,,6/30/2021,25
JB,cest-1.2,5,4,,Y,OP50,H2O,,6/30/2021,25
JB,cest-1.2,5,2,,Y,OP50,H2O,,6/30/2021,25
JB,cest-1.2,5,2,,Y,OP50,H2O,,6/30/2021,25
JB,cest-1.2,5,3,,Y,OP50,H2O,,6/30/2021,25
JB,cest-1.2,5,4,,N,OP50,H2O,,6/30/2021,25
JB,cest-1.2,5,3,,Y,OP50,H2O,,6/30/2021,25
JB,cest-1.2,5,2,,Y,OP50,H2O,,6/30/2021,26
JB,cest-1.2,5,3,,N,OP50,H2O,,6/30/2021,26
JB,cest-1.2,5,3,,N,OP50,H2O,,6/30/2021,26
JB,cest-1.2,5,2,,N,OP50,H2O,,6/30/2021,26
JB,cest-1.2,5,3,,N,OP50,H2O,,6/30/2021,26
JB,cest-1.2,5,5,,N,OP50,H2O,,6/30/2021,26
JB,cest-1.2,5,2,,Y,OP50,H2O,,6/30/2021,26
JB,cest-1.2,5,3,,N,OP50,H2O,,6/30/2021,26
JB,cest-1.2,5,3,,Y,OP50,H2O,,6/30/2021,26
JB,cest-1.2,5,3,,Y,OP50,H2O,,6/30/2021,26
JB,cest-1.2,5,4,,Y,BW25113,,,6/30/2021,27
JB,cest-1.2,5,4,,Y,BW25113,,,6/30/2021,27
JB,cest-1.2,5,2,,N,BW25113,,,6/30/2021,27
JB,cest-1.2,5,7,,Y,BW25113,,,6/30/2021,27
JB,cest-1.2,5,6,,Y,BW25113,,,6/30/2021,27
JB,cest-1.2,5,4,,N,BW25113,,,6/30/2021,27
JB,cest-1.2,5,3,,Y,BW25113,,,6/30/2021,27
JB,cest-1.2,5,3,,Y,BW25113,,,6/30/2021,27
JB,cest-1.2,5,2,,Y,BW25113,,,6/30/2021,27
JB,cest-1.2,5,4,,Y,BW25113,,,6/30/2021,27
JB,cest-1.2,5,6,,Y,BW25113,,,6/30/2021,28
JB,cest-1.2,5,8,,Y,BW25113,,,6/30/2021,28
JB,cest-1.2,5,4,,N,BW25113,,,6/30/2021,28
JB,cest-1.2,5,3,,Y,BW25113,,,6/30/2021,28
JB,cest-1.2,5,4,,Y,BW25113,,,6/30/2021,28
JB,cest-1.2,5,5,,Y,BW25113,,,6/30/2021,28
JB,cest-1.2,5,3,,N,BW25113,,,6/30/2021,28
JB,cest-1.2,5,8,,N,BW25113,,,6/30/2021,28
JB,cest-1.2,5,4,,N,BW25113,,,6/30/2021,28
JB,N2,5,5,,N,BW25113,,,6/30/2021,29
JB,N2,5,5,,Y,BW25113,,,6/30/2021,29
JB,N2,5,7,,Y,BW25113,,,6/30/2021,29
JB,N2,5,7,,Y,BW25113,,,6/30/2021,29
JB,N2,5,4,,Y,BW25113,,,6/30/2021,29
JB,N2,5,2,,Y,BW25113,,,6/30/2021,29
JB,N2,5,6,,Y,BW25113,,,6/30/2021,29
JB,N2,5,4,,Y,BW25113,,,6/30/2021,29
JB,N2,5,4,,Y,BW25113,,,6/30/2021,29
JB,N2,5,4,,Y,BW25113,,,6/30/2021,29
JB,N2,5,8,,Y,BW25113,,,6/30/2021,30
JB,N2,5,3,,Y,BW25113,,,6/30/2021,30
JB,N2,5,6,,Y,BW25113,,,6/30/2021,30
JB,N2,5,4,,Y,BW25113,,,6/30/2021,30
JB,N2,5,2,,N,BW25113,,,6/30/2021,30
JB,N2,5,6,,Y,BW25113,,,6/30/2021,30
JB,N2,5,12,,Y,BW25113,,,6/30/2021,30
JB,N2,5,7,,N,BW25113,,,6/30/2021,30
JB,cest-1.2,5,3,,N,tnaA,,,6/30/2021,31
JB,cest-1.2,5,4,,Y,tnaA,,,6/30/2021,31
JB,cest-1.2,5,3,,Y,tnaA,,,6/30/2021,31
JB,cest-1.2,5,3,,N,tnaA,,,6/30/2021,31
JB,cest-1.2,5,3,,N,tnaA,,,6/30/2021,31
JB,cest-1.2,5,6,,Y,tnaA,,,6/30/2021,31
JB,cest-1.2,5,4,,Y,tnaA,,,6/30/2021,31
JB,cest-1.2,5,6,,Y,tnaA,,,6/30/2021,31
JB,cest-1.2,5,5,,N,tnaA,,,6/30/2021,31
JB,cest-1.2,5,3,,N,tnaA,,,6/30/2021,31
JB,cest-1.2,5,5,,Y,tnaA,,,6/30/2021,32
JB,cest-1.2,5,3,,N,tnaA,,,6/30/2021,32
JB,cest-1.2,5,3,,N,tnaA,,,6/30/2021,32
JB,cest-1.2,5,5,,N,tnaA,,,6/30/2021,32
JB,cest-1.2,5,3,,N,tnaA,,,6/30/2021,32
JB,cest-1.2,5,5,,N,tnaA,,,6/30/2021,32
JB,cest-1.2,5,5,,Y,tnaA,,,6/30/2021,32
JB,cest-1.2,5,3,,N,tnaA,,,6/30/2021,32
JB,cest-1.2,5,5,,N,tnaA,,,6/30/2021,32
JB,N2,5,2,,Y,tnaA,,,6/30/2021,33
JB,N2,5,5,,N,tnaA,,,6/30/2021,33
JB,N2,5,4,,Y,tnaA,,,6/30/2021,33
JB,N2,5,5,,Y,tnaA,,,6/30/2021,33
JB,N2,5,5,,Y,tnaA,,,6/30/2021,33
JB,N2,5,5,,Y,tnaA,,,6/30/2021,33
JB,N2,5,5,,Y,tnaA,,,6/30/2021,33
JB,N2,5,3,,N,tnaA,,,6/30/2021,33
JB,N2,5,6,,Y,tnaA,,,6/30/2021,33
JB,N2,5,7,,Y,tnaA,,,6/30/2021,33
JB,N2,5,3,,N,tnaA,,,6/30/2021,34
JB,N2,5,3,,N,tnaA,,,6/30/2021,34
JB,N2,5,4,,Y,tnaA,,,6/30/2021,34
JB,N2,5,2,,N,tnaA,,,6/30/2021,34
JB,N2,5,5,,Y,tnaA,,,6/30/2021,34
JB,N2,5,4,,N,tnaA,,,6/30/2021,34
JB,N2,5,4,,Y,tnaA,,,6/30/2021,34
JB,N2,5,2,,N,tnaA,,,6/30/2021,34
JB,N2,5,6,,Y,tnaA,,,6/30/2021,34
JB,N2,5,2,,Y,tnaA,,,6/30/2021,34
JB,N2,5,4,,Y,BW25113,,,7/7/2021,35
JB,N2,5,10,,N,BW25113,,,7/7/2021,35
JB,N2,5,2,,Y,BW25113,,,7/7/2021,35
JB,N2,5,1,,Y,BW25113,,,7/7/2021,35
JB,N2,5,4,,N,BW25113,,,7/7/2021,35
JB,N2,5,3,,Y,BW25113,,,7/7/2021,35
JB,N2,5,6,,N,BW25113,,,7/7/2021,35
JB,N2,5,4,,Y,BW25113,,,7/7/2021,35
JB,N2,5,4,,N,BW25113,,,7/7/2021,35
JB,N2,5,2,,Y,BW25113,,,7/7/2021,36
JB,N2,5,4,,Y,BW25113,,,7/7/2021,36
JB,N2,5,3,,Y,BW25113,,,7/7/2021,36
JB,N2,5,3,,Y,BW25113,,,7/7/2021,36
JB,N2,5,4,,Y,BW25113,,,7/7/2021,36
JB,N2,5,8,,Y,BW25113,,,7/7/2021,36
JB,N2,5,2,,N,BW25113,,,7/7/2021,36
JB,N2,5,8,,Y,BW25113,,,7/7/2021,36
JB,N2,5,2,,Y,BW25113,,,7/7/2021,36
JB,N2,5,8,,Y,BW25113,,,7/7/2021,36
JB,N2,5,4,,Y,BW25113,,,7/7/2021,36
JB,cest-1.2,5,5,,Y,BW25113,,,7/7/2021,37
JB,cest-1.2,5,4,,Y,BW25113,,,7/7/2021,37
JB,cest-1.2,5,4,,N,BW25113,,,7/7/2021,37
JB,cest-1.2,5,4,,Y,BW25113,,,7/7/2021,37
JB,cest-1.2,5,4,,Y,BW25113,,,7/7/2021,37
JB,cest-1.2,5,3,,Y,BW25113,,,7/7/2021,37
JB,cest-1.2,5,4,,N,BW25113,,,7/7/2021,37
JB,cest-1.2,5,4,,Y,BW25113,,,7/7/2021,37
JB,cest-1.2,5,7,,Y,BW25113,,,7/7/2021,37
JB,cest-1.2,5,4,,Y,BW25113,,,7/7/2021,37
JB,cest-1.2,5,3,,Y,BW25113,,,7/7/2021,38
JB,cest-1.2,5,4,,N,BW25113,,,7/7/2021,38
JB,cest-1.2,5,2,,Y,BW25113,,,7/7/2021,38
JB,cest-1.2,5,6,,Y,BW25113,,,7/7/2021,38
JB,cest-1.2,5,5,,Y,BW25113,,,7/7/2021,38
JB,cest-1.2,5,4,,Y,BW25113,,,7/7/2021,38
JB,cest-1.2,5,4,,Y,BW25113,,,7/7/2021,38
JB,cest-1.2,5,5,,Y,BW25113,,,7/7/2021,38
JB,cest-1.2,5,4,,N,BW25113,,,7/7/2021,38
JB,cest-1.2,5,4,,Y,BW25113,,,7/7/2021,38
JB,cest-1.2,5,4,,N,tnaA,,,7/7/2021,39
JB,cest-1.2,5,3,,Y,tnaA,,,7/7/2021,39
JB,cest-1.2,5,5,,Y,tnaA,,,7/7/2021,39
JB,cest-1.2,5,5,,Y,tnaA,,,7/7/2021,39
JB,cest-1.2,5,3,,N,tnaA,,,7/7/2021,39
JB,cest-1.2,5,5,,Y,tnaA,,,7/7/2021,39
JB,cest-1.2,5,2,,Y,tnaA,,,7/7/2021,39
JB,cest-1.2,5,4,,Y,tnaA,,,7/7/2021,39
JB,cest-1.2,5,3,,Y,tnaA,,,7/7/2021,39
JB,cest-1.2,5,4,,Y,tnaA,,,7/7/2021,39
JB,cest-1.2,5,7,,Y,tnaA,,,7/7/2021,40
JB,cest-1.2,5,5,,Y,tnaA,,,7/7/2021,40
JB,cest-1.2,5,5,,Y,tnaA,,,7/7/2021,40
JB,cest-1.2,5,7,,Y,tnaA,,,7/7/2021,40
JB,cest-1.2,5,2,,N,tnaA,,,7/7/2021,40
JB,cest-1.2,5,3,,Y,tnaA,,,7/7/2021,40
JB,cest-1.2,5,3,,Y,tnaA,,,7/7/2021,40
JB,cest-1.2,5,6,,Y,tnaA,,,7/7/2021,40
JB,cest-1.2,5,4,,Y,tnaA,,,7/7/2021,40
JB,N2,5,4,,N,tnaA,,,7/7/2021,41
JB,N2,5,1,,Y,tnaA,,,7/7/2021,41
JB,N2,5,5,,Y,tnaA,,,7/7/2021,41
JB,N2,5,4,,Y,tnaA,,,7/7/2021,41
JB,N2,5,5,,N,tnaA,,,7/7/2021,41
JB,N2,5,5,,N,tnaA,,,7/7/2021,41
JB,N2,5,2,,Y,tnaA,,,7/7/2021,41
JB,N2,5,2,,Y,tnaA,,,7/7/2021,41
JB,N2,5,5,,Y,tnaA,,,7/7/2021,41
JB,N2,5,4,,Y,tnaA,,,7/7/2021,42
JB,N2,5,4,,Y,tnaA,,,7/7/2021,42
JB,N2,5,6,,Y,tnaA,,,7/7/2021,42
JB,N2,5,4,,Y,tnaA,,,7/7/2021,42
JB,N2,5,3,,Y,tnaA,,,7/7/2021,42
JB,N2,5,2,,N,tnaA,,,7/7/2021,42
JB,N2,5,2,,Y,tnaA,,,7/7/2021,42
JB,N2,5,3,,Y,tnaA,,,7/7/2021,42
JB,N2,5,2,,Y,tnaA,,,7/7/2021,42
JB,N2,5,3,,Y,tnaA,,,7/7/2021,42
JB,N2,5,3,,N,OP50,,,7/8/2021,43
JB,N2,5,4,,Y,OP50,,,7/8/2021,43
JB,N2,5,2,,Y,OP50,,,7/8/2021,43
JB,N2,5,4,,N,OP50,,,7/8/2021,43
JB,N2,5,2,,Y,OP50,,,7/8/2021,43
JB,N2,5,4,,Y,OP50,,,7/8/2021,43
JB,N2,5,4,,Y,OP50,,,7/8/2021,43
JB,N2,5,2,,N,OP50,,,7/8/2021,43
JB,N2,5,5,,N,OP50,,,7/8/2021,43
JB,N2,5,5,,Y,OP50,,,7/8/2021,43
JB,N2,5,4,,Y,OP50,,,7/8/2021,44
JB,N2,5,6,,Y,OP50,,,7/8/2021,44
JB,N2,5,3,,N,OP50,,,7/8/2021,44
JB,N2,5,3,,N,OP50,,,7/8/2021,44
JB,N2,5,3,,Y,OP50,,,7/8/2021,44
JB,N2,5,1,,N,OP50,,,7/8/2021,44
JB,N2,5,4,,Y,OP50,,,7/8/2021,44
JB,N2,5,3,,N,OP50,,,7/8/2021,44
JB,N2,5,2,,Y,OP50,,,7/8/2021,44
JB,N2,5,3,,N,OP50,,,7/8/2021,44
JB,daf-22,5,5,,Y,OP50,,,7/8/2021,45
JB,daf-22,5,4,,Y,OP50,,,7/8/2021,45
JB,daf-22,5,6,,N,OP50,,,7/8/2021,45
JB,daf-22,5,7,,Y,OP50,,,7/8/2021,45
JB,daf-22,5,5,,N,OP50,,,7/8/2021,45
JB,daf-22,5,4,,Y,OP50,,,7/8/2021,45
JB,daf-22,5,5,,N,OP50,,,7/8/2021,45
JB,daf-22,5,4,,N,OP50,,,7/8/2021,45
JB,daf-22,5,2,,N,OP50,,,7/8/2021,45
JB,daf-22,5,3,,N,OP50,,,7/8/2021,45
JB,daf-22,5,4,,N,OP50,,,7/8/2021,46
JB,daf-22,5,2,,Y,OP50,,,7/8/2021,46
JB,daf-22,5,4,,Y,OP50,,,7/8/2021,46
JB,daf-22,5,5,,N,OP50,,,7/8/2021,46
JB,daf-22,5,6,,Y,OP50,,,7/8/2021,46
JB,daf-22,5,4,,N,OP50,,,7/8/2021,46
JB,daf-22,5,3,,N,OP50,,,7/8/2021,46
JB,daf-22,5,5,,Y,OP50,,,7/8/2021,46
JB,daf-22,5,5,,Y,OP50,,,7/8/2021,46
JB,daf-22,5,6,,Y,OP50,,,7/8/2021,46
JB,cest-1.2,5,3,,Y,OP50,,,7/8/2021,47
JB,cest-1.2,5,5,,Y,OP50,,,7/8/2021,47
JB,cest-1.2,5,2,,Y,OP50,,,7/8/2021,47
JB,cest-1.2,5,2,,Y,OP50,,,7/8/2021,47
JB,cest-1.2,5,5,,Y,OP50,,,7/8/2021,47
JB,cest-1.2,5,4,,Y,OP50,,,7/8/2021,47
JB,cest-1.2,5,4,,Y,OP50,,,7/8/2021,47
JB,cest-1.2,5,5,,Y,OP50,,,7/8/2021,47
JB,cest-1.2,5,2,,Y,OP50,,,7/8/2021,47
JB,cest-1.2,5,2,,Y,OP50,,,7/8/2021,47
JB,cest-1.2,5,4,,N,OP50,,,7/8/2021,48
JB,cest-1.2,5,4,,Y,OP50,,,7/8/2021,48
JB,cest-1.2,5,5,,Y,OP50,,,7/8/2021,48
JB,cest-1.2,5,3,,N,OP50,,,7/8/2021,48
JB,cest-1.2,5,3,,N,OP50,,,7/8/2021,48
JB,cest-1.2,5,4,,N,OP50,,,7/8/2021,48
JB,cest-1.2,5,3,,N,OP50,,,7/8/2021,48
JB,cest-1.2,5,4,,Y,OP50,,,7/8/2021,48
JB,cest-1.2,5,5,,Y,OP50,,,7/8/2021,48
JB,cest-1.2,5,5,,Y,OP50,,,7/8/2021,48
JB,N2,5,4,,Y,OP50,TA,,7/8/2021,49
JB,N2,5,3,,Y,OP50,TA,,7/8/2021,49
JB,N2,5,3,,Y,OP50,TA,,7/8/2021,49
JB,N2,5,2,,N,OP50,TA,,7/8/2021,49
JB,N2,5,5,,Y,OP50,TA,,7/8/2021,49
JB,N2,5,5,,N,OP50,TA,,7/8/2021,49
JB,N2,5,3,,Y,OP50,TA,,7/8/2021,49
JB,N2,5,2,,Y,OP50,TA,,7/8/2021,49
JB,N2,5,7,,Y,OP50,TA,,7/8/2021,49
JB,N2,5,3,,Y,OP50,TA,,7/8/2021,49
JB,N2,5,5,,Y,OP50,TA,,7/8/2021,50
JB,N2,5,4,,Y,OP50,TA,,7/8/2021,50
JB,N2,5,2,,Y,OP50,TA,,7/8/2021,50
JB,N2,5,2,,N,OP50,TA,,7/8/2021,50
JB,N2,5,3,,Y,OP50,TA,,7/8/2021,50
JB,N2,5,5,,N,OP50,TA,,7/8/2021,50
JB,N2,5,4,,Y,OP50,TA,,7/8/2021,50
JB,N2,5,2,,Y,OP50,TA,,7/8/2021,50
JB,N2,5,2,,N,OP50,TA,,7/8/2021,50
JB,cest-1.2,5,3,,Y,OP50,H2O,,7/8/2021,51
JB,cest-1.2,5,3,,Y,OP50,H2O,,7/8/2021,51
JB,cest-1.2,5,3,,Y,OP50,H2O,,7/8/2021,51
JB,cest-1.2,5,2,,N,OP50,H2O,,7/8/2021,51
JB,cest-1.2,5,2,,N,OP50,H2O,,7/8/2021,51
JB,cest-1.2,5,3,,N,OP50,H2O,,7/8/2021,51
JB,cest-1.2,5,4,,Y,OP50,H2O,,7/8/2021,51
JB,cest-1.2,5,4,,Y,OP50,H2O,,7/8/2021,51
JB,cest-1.2,5,4,,Y,OP50,H2O,,7/8/2021,51
JB,cest-1.2,5,5,,Y,OP50,H2O,,7/8/2021,51
JB,cest-1.2,5,5,,Y,OP50,H2O,,7/8/2021,52
JB,cest-1.2,5,6,,N,OP50,H2O,,7/8/2021,52
JB,cest-1.2,5,4,,Y,OP50,H2O,,7/8/2021,52
JB,cest-1.2,5,4,,Y,OP50,H2O,,7/8/2021,52
JB,cest-1.2,5,4,,Y,OP50,H2O,,7/8/2021,52
JB,cest-1.2,5,2,,Y,OP50,H2O,,7/8/2021,52
JB,cest-1.2,5,3,,Y,OP50,H2O,,7/8/2021,52
JB,cest-1.2,5,4,,Y,OP50,H2O,,7/8/2021,52
JB,cest-1.2,5,3,,Y,OP50,H2O,,7/8/2021,52
JB,cest-1.2,5,3,,Y,OP50,H2O,,7/8/2021,52
JB,N2,5,4,,Y,OP50,H2O,,7/8/2021,53
JB,N2,5,2,,N,OP50,H2O,,7/8/2021,53
JB,N2,5,4,,N,OP50,H2O,,7/8/2021,53
JB,N2,5,4,,Y,OP50,H2O,,7/8/2021,53
JB,N2,5,4,,N,OP50,H2O,,7/8/2021,53
JB,N2,5,7,,Y,OP50,H2O,,7/8/2021,53
JB,N2,5,4,,Y,OP50,H2O,,7/8/2021,53
JB,N2,5,3,,N,OP50,H2O,,7/8/2021,53
JB,N2,5,2,,Y,OP50,H2O,,7/8/2021,53
JB,N2,5,2,,Y,OP50,H2O,,7/8/2021,53
JB,N2,5,4,,Y,OP50,H2O,,7/8/2021,54
JB,N2,5,4,,N,OP50,H2O,,7/8/2021,54
JB,N2,5,4,,Y,OP50,H2O,,7/8/2021,54
JB,N2,5,4,,Y,OP50,H2O,,7/8/2021,54
JB,N2,5,3,,N,OP50,H2O,,7/8/2021,54
JB,N2,5,2,,Y,OP50,H2O,,7/8/2021,54
JB,N2,5,6,,Y,OP50,H2O,,7/8/2021,54
JB,N2,5,2,,Y,OP50,H2O,,7/8/2021,54
JB,N2,5,4,,N,OP50,H2O,,7/8/2021,54
JB,cest-1.2,5,4,,Y,OP50,TA,,7/8/2021,55
JB,cest-1.2,5,2,,Y,OP50,TA,,7/8/2021,55
JB,cest-1.2,5,4,,Y,OP50,TA,,7/8/2021,55
JB,cest-1.2,5,3,,Y,OP50,TA,,7/8/2021,55
JB,cest-1.2,5,2,,Y,OP50,TA,,7/8/2021,55
JB,cest-1.2,5,4,,Y,OP50,TA,,7/8/2021,55
JB,cest-1.2,5,2,,Y,OP50,TA,,7/8/2021,55
JB,cest-1.2,5,2,,Y,OP50,TA,,7/8/2021,55
JB,cest-1.2,5,4,,Y,OP50,TA,,7/8/2021,55
JB,cest-1.2,5,3,,Y,OP50,TA,,7/8/2021,56
JB,cest-1.2,5,2,,Y,OP50,TA,,7/8/2021,56
JB,cest-1.2,5,3,,N,OP50,TA,,7/8/2021,56
JB,cest-1.2,5,4,,Y,OP50,TA,,7/8/2021,56
JB,cest-1.2,5,3,,Y,OP50,TA,,7/8/2021,56
JB,cest-1.2,5,3,,Y,OP50,TA,,7/8/2021,56
JB,cest-1.2,5,3,,Y,OP50,TA,,7/8/2021,56
JB,cest-1.2,5,3,,Y,OP50,TA,,7/8/2021,56
JB,cest-1.2,5,5,,N,OP50,TA,,7/8/2021,56
JB,cest-1.2,5,4,,Y,OP50,TA,,7/8/2021,56
JB,cest-1.2,5,1,,Y,BW25113,,,7/14/2021,57
JB,cest-1.2,5,2,,Y,BW25113,,,7/14/2021,57
JB,cest-1.2,5,5,,Y,BW25113,,,7/14/2021,57
JB,cest-1.2,5,3,,Y,BW25113,,,7/14/2021,57
JB,cest-1.2,5,3,,N,BW25113,,,7/14/2021,57
JB,cest-1.2,5,2,,Y,BW25113,,,7/14/2021,57
JB,cest-1.2,5,3,,Y,BW25113,,,7/14/2021,57
JB,cest-1.2,5,5,,Y,BW25113,,,7/14/2021,57
JB,cest-1.2,5,4,,Y,BW25113,,,7/14/2021,57
JB,cest-1.2,5,4,,N,BW25113,,,7/14/2021,57
JB,cest-1.2,5,2,,Y,BW25113,,,7/14/2021,58
JB,cest-1.2,5,3,,Y,BW25113,,,7/14/2021,58
JB,cest-1.2,5,4,,Y,BW25113,,,7/14/2021,58
JB,cest-1.2,5,3,,Y,BW25113,,,7/14/2021,58
JB,cest-1.2,5,5,,Y,BW25113,,,7/14/2021,58
JB,cest-1.2,5,4,,Y,BW25113,,,7/14/2021,58
JB,cest-1.2,5,4,,N,BW25113,,,7/14/2021,58
JB,cest-1.2,5,3,,N,BW25113,,,7/14/2021,58
JB,cest-1.2,5,7,,N,tnaA,,,7/14/2021,59
JB,cest-1.2,5,4,,Y,tnaA,,,7/14/2021,59
JB,cest-1.2,5,3,,Y,tnaA,,,7/14/2021,59
JB,cest-1.2,5,2,,Y,tnaA,,,7/14/2021,59
JB,cest-1.2,5,3,,N,tnaA,,,7/14/2021,59
JB,cest-1.2,5,4,,N,tnaA,,,7/14/2021,59
JB,cest-1.2,5,4,,Y,tnaA,,,7/14/2021,59
JB,cest-1.2,5,4,,Y,tnaA,,,7/14/2021,59
JB,cest-1.2,5,4,,Y,tnaA,,,7/14/2021,59
JB,cest-1.2,5,3,,N,tnaA,,,7/14/2021,59
JB,cest-1.2,5,3,,Y,tnaA,,,7/14/2021,60
JB,cest-1.2,5,4,,Y,tnaA,,,7/14/2021,60
JB,cest-1.2,5,4,,Y,tnaA,,,7/14/2021,60
JB,cest-1.2,5,3,,Y,tnaA,,,7/14/2021,60
JB,cest-1.2,5,4,,Y,tnaA,,,7/14/2021,60
JB,cest-1.2,5,3,,Y,tnaA,,,7/14/2021,60
JB,cest-1.2,5,2,,N,tnaA,,,7/14/2021,60
JB,cest-1.2,5,2,,Y,tnaA,,,7/14/2021,60
JB,cest-1.2,5,3,,Y,tnaA,,,7/14/2021,60
JB,N2,5,4,,N,tnaA,,,7/14/2021,61
JB,N2,5,5,,Y,tnaA,,,7/14/2021,61
JB,N2,5,2,,Y,tnaA,,,7/14/2021,61
JB,N2,5,4,,N,tnaA,,,7/14/2021,61
JB,N2,5,2,,N,tnaA,,,7/14/2021,61
JB,N2,5,6,,Y,tnaA,,,7/14/2021,61
JB,N2,5,5,,N,tnaA,,,7/14/2021,61
JB,N2,5,3,,Y,tnaA,,,7/14/2021,61
JB,N2,5,3,,N,tnaA,,,7/14/2021,61
JB,N2,5,4,,Y,tnaA,,,7/14/2021,61
JB,N2,5,6,,Y,tnaA,,,7/14/2021,62
JB,N2,5,2,,Y,tnaA,,,7/14/2021,62
JB,N2,5,5,,Y,tnaA,,,7/14/2021,62
JB,N2,5,6,,Y,tnaA,,,7/14/2021,62
JB,N2,5,5,,Y,tnaA,,,7/14/2021,62
JB,N2,5,2,,Y,tnaA,,,7/14/2021,62
JB,N2,5,5,,Y,tnaA,,,7/14/2021,62
JB,N2,5,2,,Y,tnaA,,,7/14/2021,62
JB,N2,5,5,,N,tnaA,,,7/14/2021,62
JB,N2,5,2,,N,tnaA,,,7/14/2021,62
JB,N2,5,3,,N,BW25113,,,7/14/2021,63
JB,N2,5,4,,Y,BW25113,,,7/14/2021,63
JB,N2,5,3,,Y,BW25113,,,7/14/2021,63
JB,N2,5,2,,Y,BW25113,,,7/14/2021,63
JB,N2,5,4,,Y,BW25113,,,7/14/2021,63
JB,N2,5,4,,Y,BW25113,,,7/14/2021,63
JB,N2,5,3,,Y,BW25113,,,7/14/2021,63
JB,N2,5,3,,Y,BW25113,,,7/14/2021,63
JB,N2,5,4,,Y,BW25113,,,7/14/2021,63
JB,N2,5,4,,Y,BW25113,,,7/14/2021,63
JB,N2,5,3,,Y,BW25113,,,7/14/2021,64
JB,N2,5,3,,Y,BW25113,,,7/14/2021,64
JB,N2,5,3,,Y,BW25113,,,7/14/2021,64
JB,N2,5,2,,Y,BW25113,,,7/14/2021,64
JB,N2,5,2,,Y,BW25113,,,7/14/2021,64
JB,N2,5,6,,Y,BW25113,,,7/14/2021,64
JB,N2,5,4,,Y,BW25113,,,7/14/2021,64
JB,N2,5,3,,Y,BW25113,,,7/14/2021,64
JB,N2,5,4,,Y,BW25113,,,7/14/2021,64
JB,N2,5,3,,Y,BW25113,,,7/14/2021,64
JB,N2,5,3,,Y,OP50,,,7/14/2021,65
JB,N2,5,4,,Y,OP50,,,7/14/2021,65
JB,N2,5,2,,Y,OP50,,,7/14/2021,65
JB,N2,5,4,,Y,OP50,,,7/14/2021,65
JB,N2,5,4,,Y,OP50,,,7/14/2021,65
JB,N2,5,7,,Y,OP50,,,7/14/2021,65
JB,N2,5,5,,Y,OP50,,,7/14/2021,65
JB,N2,5,3,,Y,OP50,,,7/14/2021,65
JB,N2,5,3,,Y,OP50,,,7/14/2021,65
JB,N2,5,3,,Y,OP50,,,7/14/2021,65
JB,N2,5,3,,Y,OP50,,,7/14/2021,66
JB,N2,5,3,,Y,OP50,,,7/14/2021,66
JB,N2,5,4,,Y,OP50,,,7/14/2021,66
JB,N2,5,4,,Y,OP50,,,7/14/2021,66
JB,N2,5,4,,Y,OP50,,,7/14/2021,66
JB,N2,5,3,,Y,OP50,,,7/14/2021,66
JB,N2,5,7,,N,OP50,,,7/14/2021,66
JB,N2,5,5,,Y,OP50,,,7/14/2021,66
JB,N2,5,2,,Y,OP50,,,7/14/2021,66
JB,cest-1.2,5,4,,Y,OP50,,,7/14/2021,67
JB,cest-1.2,5,2,,N,OP50,,,7/14/2021,67
JB,cest-1.2,5,4,,Y,OP50,,,7/14/2021,67
JB,cest-1.2,5,2,,Y,OP50,,,7/14/2021,67
JB,cest-1.2,5,3,,Y,OP50,,,7/14/2021,67
JB,cest-1.2,5,5,,Y,OP50,,,7/14/2021,67
JB,cest-1.2,5,3,,Y,OP50,,,7/14/2021,67
JB,cest-1.2,5,4,,Y,OP50,,,7/14/2021,67
JB,cest-1.2,5,3,,Y,OP50,,,7/14/2021,67
JB,cest-1.2,5,7,,Y,OP50,,,7/14/2021,67
JB,cest-1.2,5,2,,Y,OP50,,,7/14/2021,68
JB,cest-1.2,5,2,,Y,OP50,,,7/14/2021,68
JB,cest-1.2,5,3,,Y,OP50,,,7/14/2021,68
JB,cest-1.2,5,3,,Y,OP50,,,7/14/2021,68
JB,cest-1.2,5,2,,Y,OP50,,,7/14/2021,68
JB,cest-1.2,5,3,,Y,OP50,,,7/14/2021,68
JB,cest-1.2,5,4,,Y,OP50,,,7/14/2021,68
JB,cest-1.2,5,2,,Y,OP50,,,7/14/2021,68
JB,cest-1.2,5,2,,Y,OP50,,,7/14/2021,68
JB,cest-1.2,5,5,,Y,OP50,H2O,,7/15/2021,69
JB,cest-1.2,5,4,,Y,OP50,H2O,,7/15/2021,69
JB,cest-1.2,5,3,,N,OP50,H2O,,7/15/2021,69
JB,cest-1.2,5,4,,Y,OP50,H2O,,7/15/2021,69
JB,cest-1.2,5,4,,Y,OP50,H2O,,7/15/2021,69
JB,cest-1.2,5,2,,Y,OP50,H2O,,7/15/2021,69
JB,cest-1.2,5,5,,N,OP50,H2O,,7/15/2021,69
JB,cest-1.2,5,4,,Y,OP50,H2O,,7/15/2021,69
JB,cest-1.2,5,3,,Y,OP50,H2O,,7/15/2021,69
JB,cest-1.2,5,5,,Y,OP50,H2O,,7/15/2021,69
JB,cest-1.2,5,5,,N,OP50,H2O,,7/15/2021,70
JB,cest-1.2,5,4,,Y,OP50,H2O,,7/15/2021,70
JB,cest-1.2,5,5,,Y,OP50,H2O,,7/15/2021,70
JB,cest-1.2,5,3,,Y,OP50,H2O,,7/15/2021,70
JB,cest-1.2,5,4,,Y,OP50,H2O,,7/15/2021,70
JB,cest-1.2,5,4,,Y,OP50,H2O,,7/15/2021,70
JB,cest-1.2,5,3,,Y,OP50,H2O,,7/15/2021,70
JB,cest-1.2,5,3,,Y,OP50,H2O,,7/15/2021,70
JB,cest-1.2,5,4,,Y,OP50,H2O,,7/15/2021,70
JB,cest-1.2,5,4,,Y,OP50,H2O,,7/15/2021,70
JB,N2,5,2,,Y,OP50,H2O,,7/15/2021,71
JB,N2,5,2,,N,OP50,H2O,,7/15/2021,71
JB,N2,5,3,,Y,OP50,H2O,,7/15/2021,71
JB,N2,5,3,,Y,OP50,H2O,,7/15/2021,71
JB,N2,5,5,,Y,OP50,H2O,,7/15/2021,71
JB,N2,5,6,,Y,OP50,H2O,,7/15/2021,71
JB,N2,5,3,,Y,OP50,H2O,,7/15/2021,71
JB,N2,5,2,,N,OP50,H2O,,7/15/2021,71
JB,N2,5,4,,Y,OP50,H2O,,7/15/2021,71
JB,N2,5,4,,N,OP50,H2O,,7/15/2021,71
JB,N2,5,5,,Y,OP50,H2O,,7/15/2021,72
JB,N2,5,4,,N,OP50,H2O,,7/15/2021,72
JB,N2,5,6,,Y,OP50,H2O,,7/15/2021,72
JB,N2,5,3,,Y,OP50,H2O,,7/15/2021,72
JB,N2,5,4,,N,OP50,H2O,,7/15/2021,72
JB,N2,5,9,,Y,OP50,H2O,,7/15/2021,72
JB,N2,5,3,,Y,OP50,H2O,,7/15/2021,72
JB,N2,5,4,,Y,OP50,H2O,,7/15/2021,72
JB,N2,5,3,,Y,OP50,H2O,,7/15/2021,72
JB,N2,5,3,,Y,OP50,TA,,7/15/2021,73
JB,N2,5,3,,Y,OP50,TA,,7/15/2021,73
JB,N2,5,3,,N,OP50,TA,,7/15/2021,73
JB,N2,5,4,,N,OP50,TA,,7/15/2021,73
JB,N2,5,6,,Y,OP50,TA,,7/15/2021,73
JB,N2,5,4,,Y,OP50,TA,,7/15/2021,73
JB,N2,5,3,,Y,OP50,TA,,7/15/2021,73
JB,N2,5,2,,N,OP50,TA,,7/15/2021,73
JB,N2,5,2,,N,OP50,TA,,7/15/2021,73
JB,N2,5,3,,Y,OP50,TA,,7/15/2021,73
JB,N2,5,3,,N,OP50,TA,,7/15/2021,74
JB,N2,5,5,,N,OP50,TA,,7/15/2021,74
JB,N2,5,7,,Y,OP50,TA,,7/15/2021,74
JB,N2,5,5,,Y,OP50,TA,,7/15/2021,74
JB,N2,5,3,,N,OP50,TA,,7/15/2021,74
JB,N2,5,2,,Y,OP50,TA,,7/15/2021,74
JB,N2,5,5,,N,OP50,TA,,7/15/2021,74
JB,N2,5,3,,N,OP50,TA,,7/15/2021,74
JB,N2,5,6,,Y,OP50,TA,,7/15/2021,74
JB,N2,5,4,,Y,OP50,TA,,7/15/2021,74
JB,cest-1.2,5,4,,Y,OP50,TA,,7/15/2021,75
JB,cest-1.2,5,4,,Y,OP50,TA,,7/15/2021,75
JB,cest-1.2,5,3,,Y,OP50,TA,,7/15/2021,75
JB,cest-1.2,5,3,,Y,OP50,TA,,7/15/2021,75
JB,cest-1.2,5,4,,N,OP50,TA,,7/15/2021,75
JB,cest-1.2,5,5,,Y,OP50,TA,,7/15/2021,75
JB,cest-1.2,5,7,,Y,OP50,TA,,7/15/2021,75
JB,cest-1.2,5,2,,Y,OP50,TA,,7/15/2021,75
JB,cest-1.2,5,3,,Y,OP50,TA,,7/15/2021,75
JB,cest-1.2,5,8,,Y,OP50,TA,,7/15/2021,75
JB,cest-1.2,5,1,,Y,OP50,TA,,7/15/2021,76
JB,cest-1.2,5,4,,Y,OP50,TA,,7/15/2021,76
JB,cest-1.2,5,3,,Y,OP50,TA,,7/15/2021,76
JB,cest-1.2,5,3,,N,OP50,TA,,7/15/2021,76
JB,cest-1.2,5,4,,Y,OP50,TA,,7/15/2021,76
JB,cest-1.2,5,2,,Y,OP50,TA,,7/15/2021,76
JB,cest-1.2,5,3,,N,OP50,TA,,7/15/2021,76
JB,cest-1.2,5,3,,Y,OP50,TA,,7/15/2021,76
JB,cest-1.2,5,5,,Y,OP50,TA,,7/15/2021,76
JB,cest-1.2,5,5,,N,OP50,TA,,7/15/2021,76
JB,N2,5,4,,N,OP50,,,7/23/2021,77
JB,N2,5,3,,Y,OP50,,,7/23/2021,77
JB,N2,5,7,,Y,OP50,,,7/23/2021,77
JB,N2,5,2,,N,OP50,,,7/23/2021,77
JB,N2,5,4,,Y,OP50,,,7/23/2021,77
JB,N2,5,6,,Y,OP50,,,7/23/2021,77
JB,N2,5,3,,Y,OP50,,,7/23/2021,77
JB,N2,5,3,,Y,OP50,,,7/23/2021,77
JB,N2,5,4,,Y,OP50,,,7/23/2021,77
JB,N2,5,5,,Y,OP50,,,7/23/2021,77
JB,N2,5,3,,Y,OP50,,,7/23/2021,77
JB,N2,5,2,,N,OP50,,plate contaminated,7/23/2021,78
JB,N2,5,3,,N,OP50,,plate contaminated,7/23/2021,78
JB,N2,5,6,,Y,OP50,,plate contaminated,7/23/2021,78
JB,N2,5,3,,Y,OP50,,plate contaminated,7/23/2021,78
JB,N2,5,2,,Y,OP50,,plate contaminated,7/23/2021,78
JB,N2,5,4,,Y,OP50,,plate contaminated,7/23/2021,78
JB,N2,5,4,,Y,OP50,,plate contaminated,7/23/2021,78
JB,cest-1.2,5,2,,Y,OP50,,,7/23/2021,79
JB,cest-1.2,5,2,,Y,OP50,,,7/23/2021,79
JB,cest-1.2,5,4,,Y,OP50,,,7/23/2021,79
JB,cest-1.2,5,4,,Y,OP50,,,7/23/2021,79
JB,cest-1.2,5,3,,N,OP50,,,7/23/2021,79
JB,cest-1.2,5,3,,N,OP50,,,7/23/2021,79
JB,cest-1.2,5,4,,Y,OP50,,,7/23/2021,79
JB,cest-1.2,5,2,,Y,OP50,,,7/23/2021,79
JB,cest-1.2,5,3,,N,OP50,,,7/23/2021,79
JB,cest-1.2,5,4,,Y,OP50,,,7/23/2021,79
JB,cest-1.2,5,4,,Y,OP50,,,7/23/2021,80
JB,cest-1.2,5,1,,Y,OP50,,,7/23/2021,80
JB,cest-1.2,5,3,,N,OP50,,,7/23/2021,80
JB,cest-1.2,5,4,,Y,OP50,,,7/23/2021,80
JB,cest-1.2,5,3,,Y,OP50,,,7/23/2021,80
JB,cest-1.2,5,3,,Y,OP50,,,7/23/2021,80
JB,cest-1.2,5,5,,Y,OP50,,,7/23/2021,80
JB,cest-1.2,5,5,,Y,OP50,,,7/23/2021,80
JB,cest-1.2,5,4,,Y,OP50,,,7/23/2021,80
JB,cest-1.2,5,5,,Y,OP50,,,7/23/2021,80
JB,cest-1.2,5,3,,N,OP50,,,7/23/2021,81
JB,cest-1.2,5,6,,Y,OP50,,,7/23/2021,81
JB,cest-1.2,5,2,,Y,OP50,,,7/23/2021,81
JB,cest-1.2,5,3,,Y,OP50,,,7/23/2021,81
JB,cest-1.2,5,5,,Y,OP50,,,7/23/2021,81
JB,cest-1.2,5,4,,Y,OP50,,,7/23/2021,81
JB,cest-1.2,5,4,,N,OP50,,,7/23/2021,81
JB,cest-1.2,5,3,,N,OP50,,,7/23/2021,81
JB,cest-1.2,5,4,,Y,OP50,,,7/23/2021,81
JB,cest-1.2,5,7,,Y,OP50,,,7/23/2021,81
JB,cest-1.2,5,3,,N,OP50,,,7/23/2021,82
JB,cest-1.2,5,4,,Y,OP50,,,7/23/2021,82
JB,cest-1.2,5,2,,Y,OP50,,,7/23/2021,82
JB,cest-1.2,5,3,,N,OP50,,,7/23/2021,82
JB,cest-1.2,5,3,,N,OP50,,,7/23/2021,82
JB,cest-1.2,5,2,,N,OP50,,,7/23/2021,82
JB,cest-1.2,5,4,,Y,OP50,,,7/23/2021,82
JB,cest-1.2,5,5,,Y,OP50,,,7/23/2021,82
JB,cest-1.2,5,3,,N,OP50,,,7/23/2021,82
JB,N2,5,7,,Y,OP50,,,7/23/2021,83
JB,N2,5,6,,Y,OP50,,,7/23/2021,83
JB,N2,5,4,,Y,OP50,,,7/23/2021,83
JB,N2,5,3,,Y,OP50,,,7/23/2021,83
JB,N2,5,4,,Y,OP50,,,7/23/2021,83
JB,N2,5,5,,Y,OP50,,,7/23/2021,83
JB,N2,5,5,,N,OP50,,,7/23/2021,83
JB,N2,5,6,,Y,OP50,,,7/23/2021,83
JB,N2,5,6,,Y,OP50,,,7/23/2021,83
JB,N2,5,4,,Y,OP50,,,7/23/2021,84
JB,N2,5,4,,Y,OP50,,,7/23/2021,84
JB,N2,5,5,,Y,OP50,,,7/23/2021,84
JB,N2,5,4,,Y,OP50,,,7/23/2021,84
JB,N2,5,3,,Y,OP50,,,7/23/2021,84
JB,N2,5,4,,Y,OP50,,,7/23/2021,84
JB,N2,5,5,,Y,OP50,,,7/23/2021,84
JB,N2,5,5,,Y,OP50,,,7/23/2021,84
JB,N2,5,5,,Y,OP50,,,7/23/2021,84
JB,cest-1.2,5,3,,Y,BW25113,,,7/27/2021,85
JB,cest-1.2,5,2,,Y,BW25113,,,7/27/2021,85
JB,cest-1.2,5,4,,N,BW25113,,,7/27/2021,85
JB,cest-1.2,5,5,,Y,BW25113,,,7/27/2021,85
JB,cest-1.2,5,4,,Y,BW25113,,,7/27/2021,85
JB,cest-1.2,5,4,,Y,BW25113,,,7/27/2021,85
JB,cest-1.2,5,3,,N,BW25113,,,7/27/2021,85
JB,cest-1.2,5,6,,Y,BW25113,,,7/27/2021,85
JB,cest-1.2,5,3,,Y,BW25113,,,7/27/2021,85
JB,cest-1.2,5,3,,Y,BW25113,,,7/27/2021,85
JB,cest-1.2,5,5,,N,BW25113,,,7/27/2021,86
JB,cest-1.2,5,3,,Y,BW25113,,,7/27/2021,86
JB,cest-1.2,5,2,,Y,BW25113,,,7/27/2021,86
JB,cest-1.2,5,5,,Y,BW25113,,,7/27/2021,86
JB,cest-1.2,5,6,,Y,BW25113,,,7/27/2021,86
JB,cest-1.2,5,4,,Y,BW25113,,,7/27/2021,86
JB,cest-1.2,5,3,,Y,BW25113,,,7/27/2021,86
JB,cest-1.2,5,4,,Y,BW25113,,,7/27/2021,86
JB,cest-1.2,5,3,,N,BW25113,,,7/27/2021,86
JB,cest-1.2,5,3,,Y,BW25113,,,7/27/2021,86
JB,cest-1.2,5,2,,Y,tnaA,,,7/27/2021,87
JB,cest-1.2,5,3,,Y,tnaA,,,7/27/2021,87
JB,cest-1.2,5,2,,Y,tnaA,,,7/27/2021,87
JB,cest-1.2,5,5,,Y,tnaA,,,7/27/2021,87
JB,cest-1.2,5,6,,Y,tnaA,,,7/27/2021,87
JB,cest-1.2,5,2,,N,tnaA,,,7/27/2021,87
JB,cest-1.2,5,4,,Y,tnaA,,,7/27/2021,87
JB,cest-1.2,5,3,,N,tnaA,,,7/27/2021,87
JB,cest-1.2,5,4,,Y,tnaA,,,7/27/2021,87
JB,cest-1.2,5,4,,Y,tnaA,,,7/27/2021,87
JB,cest-1.2,5,7,,Y,tnaA,,,7/27/2021,88
JB,cest-1.2,5,6,,Y,tnaA,,,7/27/2021,88
JB,cest-1.2,5,3,,Y,tnaA,,,7/27/2021,88
JB,cest-1.2,5,3,,N,tnaA,,,7/27/2021,88
JB,cest-1.2,5,3,,Y,tnaA,,,7/27/2021,88
JB,cest-1.2,5,4,,Y,tnaA,,,7/27/2021,88
JB,cest-1.2,5,3,,Y,tnaA,,,7/27/2021,88
JB,cest-1.2,5,3,,Y,tnaA,,,7/27/2021,88
JB,cest-1.2,5,4,,Y,tnaA,,,7/27/2021,88
JB,cest-1.2,5,5,,Y,tnaA,,,7/27/2021,88
JB,N2,5,5,,Y,BW25113,,,7/27/2021,89
JB,N2,5,3,,Y,BW25113,,,7/27/2021,89
JB,N2,5,9,,Y,BW25113,,,7/27/2021,89
JB,N2,5,3,,Y,BW25113,,,7/27/2021,89
JB,N2,5,5,,Y,BW25113,,,7/27/2021,89
JB,N2,5,4,,Y,BW25113,,,7/27/2021,89
JB,N2,5,7,,Y,BW25113,,,7/27/2021,89
JB,N2,5,3,,Y,BW25113,,,7/27/2021,89
JB,N2,5,4,,Y,BW25113,,,7/27/2021,90
JB,N2,5,5,,N,BW25113,,,7/27/2021,90
JB,N2,5,4,,Y,BW25113,,,7/27/2021,90
JB,N2,5,4,,Y,BW25113,,,7/27/2021,90
JB,N2,5,4,,Y,BW25113,,,7/27/2021,90
JB,N2,5,5,,Y,BW25113,,,7/27/2021,90
JB,N2,5,3,,Y,BW25113,,,7/27/2021,90
JB,N2,5,4,,Y,BW25113,,,7/27/2021,90
JB,N2,5,5,,N,BW25113,,,7/27/2021,90
JB,N2,5,3,,Y,BW25113,,,7/27/2021,90
JB,N2,5,4,,Y,tnaA,,,7/27/2021,91
JB,N2,5,5,,Y,tnaA,,,7/27/2021,91
JB,N2,5,3,,Y,tnaA,,,7/27/2021,91
JB,N2,5,5,,Y,tnaA,,,7/27/2021,91
JB,N2,5,3,,Y,tnaA,,,7/27/2021,91
JB,N2,5,5,,Y,tnaA,,,7/27/2021,91
JB,N2,5,5,,Y,tnaA,,,7/27/2021,91
JB,N2,5,3,,N,tnaA,,,7/27/2021,91
JB,N2,5,4,,Y,tnaA,,,7/27/2021,91
JB,N2,5,4,,Y,tnaA,,,7/27/2021,92
JB,N2,5,6,,Y,tnaA,,,7/27/2021,92
JB,N2,5,4,,N,tnaA,,,7/27/2021,92
JB,N2,5,4,,Y,tnaA,,,7/27/2021,92
JB,N2,5,4,,N,tnaA,,,7/27/2021,92
JB,N2,5,3,,Y,tnaA,,,7/27/2021,92
JB,N2,5,6,,N,tnaA,,,7/27/2021,92
JB,N2,5,6,,Y,tnaA,,,7/27/2021,92
JB,N2,5,4,,Y,tnaA,,,7/27/2021,92
JB,N2,5,4,,N,tnaA,,,7/27/2021,92
JB,cest-1.2,5,4,,N,tnaA,,,7/30/2021,93
JB,cest-1.2,5,5,,Y,tnaA,,,7/30/2021,93
JB,cest-1.2,5,7,,Y,tnaA,,,7/30/2021,93
JB,cest-1.2,5,4,,Y,tnaA,,,7/30/2021,93
JB,cest-1.2,5,3,,Y,tnaA,,,7/30/2021,93
JB,cest-1.2,5,3,,Y,tnaA,,,7/30/2021,93
JB,cest-1.2,5,6,,Y,tnaA,,,7/30/2021,93
JB,cest-1.2,5,4,,Y,tnaA,,,7/30/2021,93
JB,cest-1.2,5,5,,Y,tnaA,,,7/30/2021,93
JB,cest-1.2,5,2,,Y,tnaA,,,7/30/2021,94
JB,cest-1.2,5,3,,Y,tnaA,,,7/30/2021,94
JB,cest-1.2,5,5,,Y,tnaA,,,7/30/2021,94
JB,cest-1.2,5,3,,Y,tnaA,,,7/30/2021,94
JB,cest-1.2,5,3,,Y,tnaA,,,7/30/2021,94
JB,cest-1.2,5,2,,Y,tnaA,,,7/30/2021,94
JB,cest-1.2,5,4,,Y,tnaA,,,7/30/2021,94
JB,cest-1.2,5,3,,Y,tnaA,,,7/30/2021,94
JB,cest-1.2,5,4,,Y,tnaA,,,7/30/2021,94
JB,N2,5,3,,Y,BW25113,,,7/30/2021,95
JB,N2,5,5,,Y,BW25113,,,7/30/2021,95
JB,N2,5,4,,Y,BW25113,,,7/30/2021,95
JB,N2,5,3,,Y,BW25113,,,7/30/2021,95
JB,N2,5,3,,Y,BW25113,,,7/30/2021,95
JB,N2,5,5,,Y,BW25113,,,7/30/2021,95
JB,N2,5,4,,Y,BW25113,,,7/30/2021,95
JB,N2,5,3,,Y,BW25113,,,7/30/2021,95
JB,N2,5,3,,N,BW25113,,,7/30/2021,95
JB,N2,5,6,,N,BW25113,,,7/30/2021,95
JB,N2,5,6,,Y,BW25113,,very thin media,7/30/2021,96
JB,N2,5,3,,Y,BW25113,,very thin media,7/30/2021,96
JB,N2,5,2,,N,BW25113,,very thin media,7/30/2021,96
JB,N2,5,3,,N,BW25113,,very thin media,7/30/2021,96
JB,N2,5,3,,Y,BW25113,,very thin media,7/30/2021,96
JB,N2,5,2,,Y,BW25113,,very thin media,7/30/2021,96
JB,N2,5,3,,Y,BW25113,,very thin media,7/30/2021,96
JB,N2,5,3,,Y,BW25113,,very thin media,7/30/2021,96
JB,N2,5,3,,Y,BW25113,,very thin media,7/30/2021,96
JB,cest-1.2,5,5,,Y,BW25113,,,7/30/2021,97
JB,cest-1.2,5,4,,Y,BW25113,,,7/30/2021,97
JB,cest-1.2,5,4,,Y,BW25113,,,7/30/2021,97
JB,cest-1.2,5,3,,Y,BW25113,,,7/30/2021,97
JB,cest-1.2,5,3,,Y,BW25113,,,7/30/2021,97
JB,cest-1.2,5,3,,Y,BW25113,,,7/30/2021,97
JB,cest-1.2,5,4,,Y,BW25113,,,7/30/2021,97
JB,cest-1.2,5,1,,N,BW25113,,,7/30/2021,97
JB,cest-1.2,5,4,,Y,BW25113,,,7/30/2021,97
JB,cest-1.2,5,2,,N,BW25113,,,7/30/2021,98
JB,cest-1.2,5,3,,Y,BW25113,,,7/30/2021,98
JB,cest-1.2,5,5,,Y,BW25113,,,7/30/2021,98
JB,cest-1.2,5,4,,Y,BW25113,,,7/30/2021,98
JB,cest-1.2,5,5,,Y,BW25113,,,7/30/2021,98
JB,cest-1.2,5,3,,Y,BW25113,,,7/30/2021,98
JB,cest-1.2,5,2,,Y,BW25113,,,7/30/2021,98
JB,cest-1.2,5,4,,Y,BW25113,,,7/30/2021,98
JB,cest-1.2,5,5,,Y,BW25113,,,7/30/2021,98
JB,cest-1.2,5,4,,Y,BW25113,,,7/30/2021,98
JB,N2,5,5,,Y,tnaA,,,7/30/2021,99
JB,N2,5,3,,Y,tnaA,,,7/30/2021,99
JB,N2,5,4,,Y,tnaA,,,7/30/2021,99
JB,N2,5,3,,Y,tnaA,,,7/30/2021,99
JB,N2,5,5,,Y,tnaA,,,7/30/2021,99
JB,N2,5,4,,Y,tnaA,,,7/30/2021,99
JB,N2,5,4,,Y,tnaA,,,7/30/2021,99
JB,N2,5,4,,Y,tnaA,,,7/30/2021,99
JB,N2,5,2,,N,tnaA,,,7/30/2021,99
JB,N2,5,4,,Y,tnaA,,,7/30/2021,100
JB,N2,5,2,,Y,tnaA,,,7/30/2021,100
JB,N2,5,6,,Y,tnaA,,,7/30/2021,100
JB,N2,5,3,,Y,tnaA,,,7/30/2021,100
JB,N2,5,6,,Y,tnaA,,,7/30/2021,100
JB,N2,5,5,,Y,tnaA,,,7/30/2021,100
JB,N2,5,3,,Y,tnaA,,,7/30/2021,100
JB,N2,5,6,,Y,tnaA,,,7/30/2021,100
